[
  {
    "id": "AR-MZA-AND-001",
    "tipo": "Andreani",
    "nombre": "Andreani - Mendoza Centro",
    "direccion": "Av. Gral. San Martín 505, Ciudad de Mendoza",
    "lat": -32.8895,
    "lng": -68.8458,
    "horarios": "Lun-Vie 9 a 18, Sáb 9 a 13"
  },
  {
    "id": "AR-MZA-AND-002",
    "tipo": "Andreani",
    "nombre": "Andreani - Luján de Cuyo",
    "direccion": "Acceso Sur Km 14, Lateral Este, Luján de Cuyo",
    "lat": -33.0165,
    "lng": -68.8770,
    "horarios": "Lun-Vie 9 a 18"
  },
  {
    "id": "AR-MZA-AND-003",
    "tipo": "Andreani",
    "nombre": "Andreani - San Rafael",
    "direccion": "Av. Hipólito Yrigoyen 850, San Rafael",
    "lat": -34.6177,
    "lng": -68.3301,
    "horarios": "Lun-Vie 9 a 18"
  },
  {
    "id": "AR-MZA-AND-004",
    "tipo": "Andreani",
    "nombre": "Andreani - San Martín",
    "direccion": "Boulogne Sur Mer 200, San Martín",
    "lat": -33.0810,
    "lng": -68.4680,
    "horarios": "Lun-Vie 9 a 18"
  },
  {
    "id": "AR-MZA-AND-005",
    "tipo": "Andreani",
    "nombre": "Andreani - Tunuyán",
    "direccion": "Av. San Martín 300, Tunuyán",
    "lat": -33.5790,
    "lng": -69.0150,
    "horarios": "Lun-Vie 9 a 18"
  },
  {
    "id": "AR-MZA-AND-006",
    "tipo": "Andreani",
    "nombre": "Andreani - General Alvear",
    "direccion": "Av. Libertador 700, General Alvear",
    "lat": -34.9730,
    "lng": -67.6930,
    "horarios": "Lun-Vie 9 a 18"
  },
  {
    "id": "AR-MZA-CD-001",
    "tipo": "Centro de Distribución",
    "nombre": "Centro de Distribución Acceso Este",
    "direccion": "Ruta Nacional 7 km 1010, Guaymallén",
    "lat": -32.8908,
    "lng": -68.7800,
    "horarios": "Lun-Vie 8 a 20"
  },
  {
    "id": "AR-MZA-CD-002",
    "tipo": "Centro de Distribución",
    "nombre": "Depósito Parque Industrial San Rafael",
    "direccion": "Ruta 143 km 2, San Rafael (zona sur, no centro)",
    "lat": -34.6350,
    "lng": -68.3450,
    "horarios": "Lun-Vie 8 a 20"
  },
  {
    "id": "AR-MZA-CD-003",
    "tipo": "Centro de Distribución",
    "nombre": "Centro Logístico Luján de Cuyo",
    "direccion": "Acceso Sur y Araoz, Luján de Cuyo (entrada sur)",
    "lat": -33.0000,
    "lng": -68.8800,
    "horarios": "Lun-Vie 8 a 20"
  },
  {
    "id": "AR-MZA-CD-004",
    "tipo": "Centro de Distribución",
    "nombre": "Depósito Las Heras Norte",
    "direccion": "Av. San Martín 2500, Las Heras",
    "lat": -32.8500,
    "lng": -68.8270,
    "horarios": "Lun-Vie 8 a 20"
  },
  {
    "id": "AR-MZA-CD-005",
    "tipo": "Centro de Distribución",
    "nombre": "Centro de Distribución Maipú",
    "direccion": "Ruta 50 y Maza, Maipú (zona industrial)",
    "lat": -32.9830,
    "lng": -68.7920,
    "horarios": "Lun-Vie 8 a 20"
  },
  {
    "id": "AR-MZA-CD-006",
    "tipo": "Centro de Distribución",
    "nombre": "Depósito San Martín Este",
    "direccion": "Ruta 7 km 1000, San Martín (salida hacia el este)",
    "lat": -33.0800,
    "lng": -68.4700,
    "horarios": "Lun-Vie 8 a 20"
  },
  {
    "id": "AR-MZA-CD-007",
    "tipo": "Centro de Distribución",
    "nombre": "Centro Logístico Tunuyán",
    "direccion": "Ruta 40 y Calle La Argentina, Tunuyán (entrada norte)",
    "lat": -33.5800,
    "lng": -69.0200,
    "horarios": "Lun-Vie 8 a 20"
  },
  {
    "id": "AR-MZA-CD-008",
    "tipo": "Centro de Distribución",
    "nombre": "Depósito Rivadavia",
    "direccion": "Ruta 62 y San Isidro, Rivadavia",
    "lat": -33.1830,
    "lng": -68.4700,
    "horarios": "Lun-Vie 8 a 20"
  },
  {
    "id": "AR-MZA-CD-009",
    "tipo": "Centro de Distribución",
    "nombre": "Centro Logístico Malargüe",
    "direccion": "Av. San Martín 500, Malargüe",
    "lat": -35.4750,
    "lng": -69.5850,
    "horarios": "Lun-Vie 8 a 20"
  },
  {
    "id": "AR-MZA-CD-010",
    "tipo": "Centro de Distribución",
    "nombre": "Depósito General Alvear",
    "direccion": "Av. Libertador 700, General Alvear (zona oeste)",
    "lat": -34.9730,
    "lng": -67.6930,
    "horarios": "Lun-Vie 8 a 20"
  },
  {
    "id": "AR-MZA-PAP-001",
    "tipo": "Papelería",
    "nombre": "Librería El Estudiante",
    "direccion": "Calle Mitre 1200, Ciudad de Mendoza (Centro)",
    "lat": -32.8890,
    "lng": -68.8420,
    "horarios": "Lun-Vie 9 a 19"
  },
  {
    "id": "AR-MZA-PAP-002",
    "tipo": "Papelería",
    "nombre": "Papelería San José",
    "direccion": "Av. Belgrano 450, Godoy Cruz",
    "lat": -32.9330,
    "lng": -68.8455,
    "horarios": "Lun-Vie 9 a 19, Sáb 9 a 13"
  },
  {
    "id": "AR-MZA-PAP-003",
    "tipo": "Papelería",
    "nombre": "Librería Universitaria",
    "direccion": "Calle Belgrano 750, Ciudad de Mendoza (Quinta Sección)",
    "lat": -32.8925,
    "lng": -68.8500,
    "horarios": "Lun-Vie 9 a 20"
  },
  {
    "id": "AR-MZA-PAP-004",
    "tipo": "Papelería",
    "nombre": "Papelería Las Heras Norte",
    "direccion": "Av. San Martín 2100, Las Heras",
    "lat": -32.8440,
    "lng": -68.8275,
    "horarios": "Lun-Vie 9 a 19"
  },
  {
    "id": "AR-MZA-PAP-005",
    "tipo": "Papelería",
    "nombre": "Librería Maipú",
    "direccion": "Av. Mitre 600, Maipú",
    "lat": -32.9835,
    "lng": -68.7925,
    "horarios": "Lun-Vie 9 a 19, Sáb 9 a 13"
  },
  {
    "id": "AR-MZA-PAP-006",
    "tipo": "Papelería",
    "nombre": "Papelería Guaymallén",
    "direccion": "Av. Libertad 300, Guaymallén",
    "lat": -32.8905,
    "lng": -68.7928,
    "horarios": "Lun-Vie 9 a 19"
  },
  {
    "id": "AR-MZA-PAP-007",
    "tipo": "Papelería",
    "nombre": "Librería San Rafael Centro",
    "direccion": "Av. San Martín 120, San Rafael",
    "lat": -34.6170,
    "lng": -68.3305,
    "horarios": "Lun-Vie 9 a 19, Sáb 9 a 13"
  },
  {
    "id": "AR-MZA-PAP-008",
    "tipo": "Papelería",
    "nombre": "Papelería San Martín Este",
    "direccion": "Av. Alem 400, San Martín",
    "lat": -33.0815,
    "lng": -68.4685,
    "horarios": "Lun-Vie 9 a 19"
  },
  {
    "id": "AR-MZA-PAP-009",
    "tipo": "Papelería",
    "nombre": "Librería Tunuyán",
    "direccion": "Av. San Martín 200, Tunuyán",
    "lat": -33.5795,
    "lng": -69.0155,
    "horarios": "Lun-Vie 9 a 19"
  },
  {
    "id": "AR-MZA-PAP-010",
    "tipo": "Papelería",
    "nombre": "Papelería Rivadavia",
    "direccion": "Av. Libertador 300, Rivadavia",
    "lat": -33.1835,
    "lng": -68.4705,
    "horarios": "Lun-Vie 9 a 19"
  },
  {
    "id": "AR-MZA-PAP-011",
    "tipo": "Papelería",
    "nombre": "Librería Luján",
    "direccion": "Av. San Martín 800, Luján de Cuyo",
    "lat": -33.0005,
    "lng": -68.8805,
    "horarios": "Lun-Vie 9 a 19"
  },
  {
    "id": "AR-MZA-PAP-012",
    "tipo": "Papelería",
    "nombre": "Papelería Malargüe",
    "direccion": "Av. San Martín 600, Malargüe",
    "lat": -35.4755,
    "lng": -69.5855,
    "horarios": "Lun-Vie 9 a 19"
  },
  {
    "id": "AR-MZA-KIO-001",
    "tipo": "Kiosco",
    "nombre": "Kiosco Los Amigos",
    "direccion": "Av. Colón 800, Ciudad de Mendoza (Centro)",
    "lat": -32.8898,
    "lng": -68.8455,
    "horarios": "Lun-Sáb 8 a 22"
  },
  {
    "id": "AR-MZA-KIO-002",
    "tipo": "Kiosco",
    "nombre": "Maxikiosco Parque Central",
    "direccion": "Av. España 1500, Ciudad de Mendoza (Parque Central)",
    "lat": -32.8905,
    "lng": -68.8400,
    "horarios": "Todos los días 8 a 23"
  },
  {
    "id": "AR-MZA-KIO-003",
    "tipo": "Kiosco",
    "nombre": "Almacén Doña Rosa",
    "direccion": "Calle San Juan 600, San Rafael",
    "lat": -34.6175,
    "lng": -68.3310,
    "horarios": "Lun-Sáb 8 a 21"
  },
  {
    "id": "AR-MZA-KIO-004",
    "tipo": "Kiosco",
    "nombre": "Kiosco El Puente",
    "direccion": "Av. Libertador 300, San Martín",
    "lat": -33.0812,
    "lng": -68.4682,
    "horarios": "Lun-Dom 8 a 22"
  },
  {
    "id": "AR-MZA-KIO-005",
    "tipo": "Kiosco",
    "nombre": "Maxikiosco Mitre",
    "direccion": "Av. Mitre 900, Godoy Cruz",
    "lat": -32.9338,
    "lng": -68.8445,
    "horarios": "Lun-Sáb 8 a 22"
  },
  {
    "id": "AR-MZA-KIO-006",
    "tipo": "Kiosco",
    "nombre": "Kiosco La Terminal",
    "direccion": "Av. Acceso Este 200, Guaymallén",
    "lat": -32.8907,
    "lng": -68.7905,
    "horarios": "Lun-Dom 7 a 23"
  },
  {
    "id": "AR-MZA-KIO-007",
    "tipo": "Kiosco",
    "nombre": "Kiosco La Esquina",
    "direccion": "Calle Belgrano 200, Tunuyán",
    "lat": -33.5792,
    "lng": -69.0152,
    "horarios": "Lun-Sáb 8 a 21"
  },
  {
    "id": "AR-MZA-KIO-008",
    "tipo": "Kiosco",
    "nombre": "Kiosco San Rafael Norte",
    "direccion": "Av. Balloffet 500, San Rafael",
    "lat": -34.6100,
    "lng": -68.3300,
    "horarios": "Lun-Dom 8 a 23"
  },
  {
    "id": "AR-MZA-KIO-009",
    "tipo": "Kiosco",
    "nombre": "Kiosco El Parque",
    "direccion": "Av. Boulogne Sur Mer 700, Ciudad de Mendoza (zona Parque San Martín)",
    "lat": -32.8902,
    "lng": -68.8500,
    "horarios": "Lun-Sáb 8 a 22"
  },
  {
    "id": "AR-MZA-KIO-010",
    "tipo": "Kiosco",
    "nombre": "Kiosco Los Andes",
    "direccion": "Av. Mitre 400, Rivadavia",
    "lat": -33.1832,
    "lng": -68.4702,
    "horarios": "Lun-Sáb 8 a 21"
  },
  {
    "id": "AR-MZA-KIO-011",
    "tipo": "Kiosco",
    "nombre": "Kiosco El Sol",
    "direccion": "Av. San Martín 300, Luján de Cuyo",
    "lat": -33.0002,
    "lng": -68.8802,
    "horarios": "Lun-Dom 8 a 22"
  },
  {
    "id": "AR-MZA-KIO-012",
    "tipo": "Kiosco",
    "nombre": "Kiosco Malargüe Centro",
    "direccion": "Av. San Martín 200, Malargüe",
    "lat": -35.4752,
    "lng": -69.5852,
    "horarios": "Lun-Sáb 8 a 21"
  },
  { "id": "AR-MZA-KIO-013", "tipo": "Kiosco", "nombre": "Kiosco General Alvear", "direccion": "Av. Libertador 500, General Alvear", "lat": -34.9732, "lng": -67.6932, "horarios": "Lun-Sáb 8 a 21"},

  { "id": "AR-CABA-AND-001", "tipo": "Andreani", "nombre": "Andreani - CABA Centro", "direccion": "Av. Córdoba 1230, Ciudad Autónoma de Buenos Aires", "lat": -34.6037, "lng": -58.3816 },
  { "id": "AR-CABA-AND-002", "tipo": "Andreani", "nombre": "Andreani - Villa Urquiza", "direccion": "Av. Triunvirato 4500, CABA", "lat": -34.5730, "lng": -58.4900 },
  { "id": "AR-GBA-AND-001", "tipo": "Andreani", "nombre": "Andreani - La Matanza", "direccion": "Av. Crovara 2500, La Matanza, Buenos Aires", "lat": -34.7000, "lng": -58.5600 },
  { "id": "AR-GBA-AND-002", "tipo": "Andreani", "nombre": "Andreani - San Isidro", "direccion": "Av. Centenario 500, San Isidro, Buenos Aires", "lat": -34.4700, "lng": -58.5100 },
  { "id": "AR-BUE-AND-001", "tipo": "Andreani", "nombre": "Andreani - La Plata", "direccion": "Calle 7 Nº 850, La Plata, Buenos Aires", "lat": -34.9214, "lng": -57.9545 },
  { "id": "AR-BUE-AND-002", "tipo": "Andreani", "nombre": "Andreani - Mar del Plata", "direccion": "Av. Independencia 1800, Mar del Plata", "lat": -38.0023, "lng": -57.5575 },
  { "id": "AR-BUE-AND-003", "tipo": "Andreani", "nombre": "Andreani - Bahía Blanca", "direccion": "Av. Alem 900, Bahía Blanca", "lat": -38.7196, "lng": -62.2724 },
  { "id": "AR-SFE-AND-001", "tipo": "Andreani", "nombre": "Andreani - Rosario", "direccion": "Av. Pellegrini 1500, Rosario, Santa Fe", "lat": -32.9587, "lng": -60.6393 },
  { "id": "AR-SFE-AND-002", "tipo": "Andreani", "nombre": "Andreani - Santa Fe Capital", "direccion": "Av. Aristóbulo del Valle 6500, Santa Fe", "lat": -31.6333, "lng": -60.7000 },
  { "id": "AR-CBA-AND-001", "tipo": "Andreani", "nombre": "Andreani - Córdoba Capital", "direccion": "Av. Colón 1200, Córdoba", "lat": -31.4167, "lng": -64.1833 },
  { "id": "AR-CBA-AND-002", "tipo": "Andreani", "nombre": "Andreani - Villa María", "direccion": "Av. Alem 300, Villa María, Córdoba", "lat": -32.4075, "lng": -63.2436 },
  { "id": "AR-CBA-AND-003", "tipo": "Andreani", "nombre": "Andreani - Río Cuarto", "direccion": "Av. España 500, Río Cuarto, Córdoba", "lat": -33.1232, "lng": -64.3493 },
  { "id": "AR-SJ-AND-001", "tipo": "Andreani", "nombre": "Andreani - San Juan Capital", "direccion": "Av. Libertador 1200, San Juan", "lat": -31.5375, "lng": -68.5364 },
  { "id": "AR-SL-AND-001", "tipo": "Andreani", "nombre": "Andreani - San Luis Capital", "direccion": "Av. Illia 400, San Luis", "lat": -33.2950, "lng": -66.3356 },
  { "id": "AR-ER-AND-001", "tipo": "Andreani", "nombre": "Andreani - Paraná", "direccion": "Av. Ramírez 1500, Paraná, Entre Ríos", "lat": -31.7333, "lng": -60.5333 },
  { "id": "AR-CC-AND-001", "tipo": "Andreani", "nombre": "Andreani - Corrientes Capital", "direccion": "Av. 3 de Abril 800, Corrientes", "lat": -27.4806, "lng": -58.8341 },
  { "id": "AR-MIS-AND-001", "tipo": "Andreani", "nombre": "Andreani - Posadas", "direccion": "Av. Uruguay 1500, Posadas, Misiones", "lat": -27.3621, "lng": -55.9009 },
  { "id": "AR-TUC-AND-001", "tipo": "Andreani", "nombre": "Andreani - San Miguel de Tucumán", "direccion": "Av. Sarmiento 600, Tucumán", "lat": -26.8241, "lng": -65.2226 },
  { "id": "AR-SLA-AND-001", "tipo": "Andreani", "nombre": "Andreani - Salta Capital", "direccion": "Av. Belgrano 900, Salta", "lat": -24.7829, "lng": -65.4232 },
  { "id": "AR-NQN-AND-001", "tipo": "Andreani", "nombre": "Andreani - Neuquén Capital", "direccion": "Av. Argentina 400, Neuquén", "lat": -38.9516, "lng": -68.0591 },
  { "id": "AR-JUJ-AND-001", "tipo": "Andreani", "nombre": "Andreani - San Salvador de Jujuy", "direccion": "Av. Fascio 500, Jujuy", "lat": -24.1858, "lng": -65.2995 },
  { "id": "AR-CAT-AND-001", "tipo": "Andreani", "nombre": "Andreani - Catamarca Capital", "direccion": "Av. Güemes 800, Catamarca", "lat": -28.4696, "lng": -65.7852 },
  { "id": "AR-SDE-AND-001", "tipo": "Andreani", "nombre": "Andreani - Santiago del Estero", "direccion": "Av. Belgrano 1200, Santiago del Estero", "lat": -27.7834, "lng": -64.2642 },
  { "id": "AR-CHA-AND-001", "tipo": "Andreani", "nombre": "Andreani - Resistencia", "direccion": "Av. 25 de Mayo 600, Resistencia, Chaco", "lat": -27.4514, "lng": -58.9867 },
  { "id": "AR-FOR-AND-001", "tipo": "Andreani", "nombre": "Andreani - Formosa Capital", "direccion": "Av. 25 de Mayo 400, Formosa", "lat": -26.1775, "lng": -58.1781 },
  { "id": "AR-RN-AND-001", "tipo": "Andreani", "nombre": "Andreani - Bariloche", "direccion": "Av. San Martín 300, San Carlos de Bariloche", "lat": -41.1335, "lng": -71.3103 },
  { "id": "AR-CHU-AND-002", "tipo": "Andreani", "nombre": "Andreani - Trelew", "direccion": "Av. Fontana 700, Trelew, Chubut", "lat": -43.2489, "lng": -65.3051 },
  { "id": "AR-SC-AND-001", "tipo": "Andreani", "nombre": "Andreani - Río Gallegos", "direccion": "Av. Kirchner 900, Río Gallegos, Santa Cruz", "lat": -51.6230, "lng": -69.2168 },
  { "id": "AR-TDF-AND-001", "tipo": "Andreani", "nombre": "Andreani - Ushuaia", "direccion": "Av. San Martín 200, Ushuaia, Tierra del Fuego", "lat": -54.8019, "lng": -68.3030 },
  { "id": "AR-CBA-AND-004", "tipo": "Andreani", "nombre": "Andreani - San Francisco", "direccion": "Av. Rosario de Santa Fe 600, San Francisco, Córdoba", "lat": -31.4275, "lng": -62.0827 }
]
